{
    "debug": false,
    "lintScripts": false,
    "preprocessorLocations": [
        "bower_components/foundation/scss",
        "assets"
    ],
    "preprocessorScriptOutput": "assets/js",
    "preprocessorStyleOutput": "assets/css",
    "projectName": "technews",
    "projectDescription": "The most advanced responsive front-end framework in the world.",
    "publishedId": null,
    "serverHostname": null,
    "serverPort": null,
    "templateDirectory": "templates",
    "templateDefaultLayout": "layout",
    "templateDefaultPage": "index",
    "type": "mixture",
    "useCompass": false,
    "simpleModePartnerServer": null,
    "simpleModeFileTypes": null,
    "modelSource": null,
    "domain": null,
    "convertHtml": {
        "path": null,
        "extension": ".html",
        "ignoreUrls": null,
        "relativePaths": false,
        "default": null
    },
    "followLeader": true,
    "routes": null,
    "customRuby": false,
    "customRubyPath": null,
    "remoteDebugPort": 0,
    "optimiseImages": true,
    "password": null,
    "ignoreDir": [
        "node_modules"
    ],
    "customTodos": null,
    "autoPrefixer": null,
    "sass": {
        "outputStyle": null,
        "sourceMap": false,
        "cache": false,
        "lineNumbers": false,
        "globbing": false,
        "useLibSass": true,
        "debugInfo": false
    },
    "sitemap": false,
    "less": null,
    "optimiseSVG": true,
    "reload": 0
}